{
    "installed": {
        "client_id": "372692752922-ocp2g6a8nsj7om94mm9g2tor9t7hm6j0.apps.googleusercontent.com",
        "project_id": "automating-calendar-297316",
        "auth_uri": "https://accounts.google.com/o/oauth2/auth",
        "token_uri": "https://oauth2.googleapis.com/token",
        "auth_provider_x509_cert_url": "https://www.googleapis.com/oauth2/v1/certs",
        "client_secret": "bBRCUyko0kzNxXt2-vx3r7C8",
        "redirect_uris": [
            "urn:ietf:wg:oauth:2.0:oob",
            "http://localhost"
        ]
    }
}